{
  "timestamp": "2025-12-26T02:10:53.216Z",
  "results": {
    "lists": {
      "Initial Render": {
        "Simple list (100 items)": {
          "mean": 5.73,
          "median": 5.599999904632568,
          "min": 4.8999998569488525,
          "max": 9.099999904632568,
          "p95": 7.300000190734863,
          "p99": 9.099999904632568,
          "stdDev": 0.7256031935353504,
          "samples": 50
        },
        "Simple list (500 items)": {
          "mean": 11.164999985694886,
          "median": 11.900000095367432,
          "min": 7.299999952316284,
          "max": 12.5,
          "p95": 12.5,
          "p99": 12.5,
          "stdDev": 1.3697719094344367,
          "samples": 20
        },
        "Simple list (1000 items)": {
          "mean": 14.529999995231629,
          "median": 9.600000143051147,
          "min": 8.799999952316284,
          "max": 36,
          "p95": 36,
          "p99": 36,
          "stdDev": 8.183770518250249,
          "samples": 10
        },
        "Complex list (100 items)": {
          "mean": 9.295999989509582,
          "median": 7.299999952316284,
          "min": 5.900000095367432,
          "max": 23.399999856948853,
          "p95": 22.09999990463257,
          "p99": 23.399999856948853,
          "stdDev": 4.604952099940951,
          "samples": 50
        },
        "Complex list (500 items)": {
          "mean": 21.029999995231627,
          "median": 13.799999952316284,
          "min": 11.400000095367432,
          "max": 57.299999952316284,
          "p95": 57.299999952316284,
          "p99": 57.299999952316284,
          "stdDev": 13.927099441331077,
          "samples": 20
        },
        "Memoized list (100 items)": {
          "mean": 6.40399998664856,
          "median": 5.6000001430511475,
          "min": 4.8999998569488525,
          "max": 12.099999904632568,
          "p95": 10.899999856948853,
          "p99": 12.099999904632568,
          "stdDev": 1.7798831033619347,
          "samples": 50
        },
        "Memoized list (500 items)": {
          "mean": 12.220000016689301,
          "median": 11.900000095367432,
          "min": 8.900000095367432,
          "max": 31.399999856948853,
          "p95": 31.399999856948853,
          "p99": 31.399999856948853,
          "stdDev": 4.570842324912525,
          "samples": 20
        }
      },
      "List Updates": {
        "Append 1 item to 100": {
          "mean": 5.271999998092651,
          "median": 5,
          "min": 4.299999952316284,
          "max": 10.200000047683716,
          "p95": 6.700000047683716,
          "p99": 10.200000047683716,
          "stdDev": 0.9806202065034043,
          "samples": 50
        },
        "Append 1 item to 500": {
          "mean": 7.816666666666666,
          "median": 6.299999952316284,
          "min": 5.5,
          "max": 14.600000143051147,
          "p95": 13.5,
          "p99": 14.600000143051147,
          "stdDev": 2.765993908412887,
          "samples": 30
        },
        "Prepend 1 item to 100": {
          "mean": 5.4319999885559085,
          "median": 5,
          "min": 4.5,
          "max": 10.799999952316284,
          "p95": 7.3999998569488525,
          "p99": 10.799999952316284,
          "stdDev": 1.1626590228449258,
          "samples": 50
        },
        "Remove middle item from 100": {
          "mean": 5.468000040054322,
          "median": 4.900000095367432,
          "min": 4.400000095367432,
          "max": 13.799999952316284,
          "p95": 9.100000143051147,
          "p99": 13.799999952316284,
          "stdDev": 1.8645578517025396,
          "samples": 50
        },
        "Update single item in 100": {
          "mean": 5.0520000076293945,
          "median": 4.799999952316284,
          "min": 4.299999952316284,
          "max": 9.099999904632568,
          "p95": 6.8999998569488525,
          "p99": 9.099999904632568,
          "stdDev": 0.8188381802569301,
          "samples": 50
        },
        "Update 10 items in 100": {
          "mean": 5.493999991416931,
          "median": 4.8999998569488525,
          "min": 4.299999952316284,
          "max": 12.700000047683716,
          "p95": 9.099999904632568,
          "p99": 12.700000047683716,
          "stdDev": 1.6637800566069911,
          "samples": 50
        },
        "Replace all 100 items": {
          "mean": 5.459999974568685,
          "median": 5.099999904632568,
          "min": 4.599999904632568,
          "max": 12.799999952316284,
          "p95": 6.699999809265137,
          "p99": 12.799999952316284,
          "stdDev": 1.4488155994149858,
          "samples": 30
        },
        "Shuffle 100 items": {
          "mean": 6.1000000158945715,
          "median": 5.400000095367432,
          "min": 4.700000047683716,
          "max": 13.700000047683716,
          "p95": 13.5,
          "p99": 13.700000047683716,
          "stdDev": 2.285023698036964,
          "samples": 30
        }
      }
    },
    "components": {
      "Bindings": {
        "Component with 20 bindings (initial)": {
          "mean": 4.237999997138977,
          "median": 4.200000047683716,
          "min": 4.099999904632568,
          "max": 4.6000001430511475,
          "p95": 4.400000095367432,
          "p99": 4.6000001430511475,
          "stdDev": 0.08919641370282144,
          "samples": 50
        },
        "Component with 20 bindings (update 1)": {
          "mean": 4.276999995708466,
          "median": 4.200000047683716,
          "min": 4.099999904632568,
          "max": 5.400000095367432,
          "p95": 4.599999904632568,
          "p99": 5.400000095367432,
          "stdDev": 0.17196222426361404,
          "samples": 100
        },
        "Component with 20 bindings (update all)": {
          "mean": 4.2989999961853025,
          "median": 4.299999952316284,
          "min": 4.099999904632568,
          "max": 5.200000047683716,
          "p95": 4.5,
          "p99": 5.200000047683716,
          "stdDev": 0.15198354826538865,
          "samples": 100
        }
      },
      "Conditionals": {
        "when() - 5 conditions (initial all true)": {
          "mean": 4.354000000953675,
          "median": 4.300000190734863,
          "min": 4.199999809265137,
          "max": 5.799999952316284,
          "p95": 4.5,
          "p99": 5.799999952316284,
          "stdDev": 0.22557480837843819,
          "samples": 50
        },
        "when() - toggle 1 condition": {
          "mean": 4.391999998092651,
          "median": 4.300000190734863,
          "min": 4,
          "max": 5.700000047683716,
          "p95": 5,
          "p99": 5.700000047683716,
          "stdDev": 0.2343843046330306,
          "samples": 100
        },
        "when() - toggle all conditions": {
          "mean": 4.271000001430512,
          "median": 4.200000047683716,
          "min": 4,
          "max": 6,
          "p95": 4.5,
          "p99": 6,
          "stdDev": 0.257019465995075,
          "samples": 100
        }
      },
      "Nesting": {
        "Nested 5 levels deep": {
          "mean": 4.87000002861023,
          "median": 4.699999809265137,
          "min": 4.299999952316284,
          "max": 7.700000047683716,
          "p95": 6.5,
          "p99": 7.700000047683716,
          "stdDev": 0.7125307048405607,
          "samples": 50
        },
        "Nested 10 levels deep": {
          "mean": 5.325999994277954,
          "median": 5.099999904632568,
          "min": 4.5,
          "max": 9.100000143051147,
          "p95": 6.200000047683716,
          "p99": 9.100000143051147,
          "stdDev": 0.7750638799711258,
          "samples": 50
        },
        "Nested 20 levels deep": {
          "mean": 5.606666628519694,
          "median": 5.5,
          "min": 4.799999952316284,
          "max": 8.799999952316284,
          "p95": 7.5,
          "p99": 8.799999952316284,
          "stdDev": 0.9348559194221189,
          "samples": 30
        }
      },